name,type,address,city,phone,latitude,longitude
Navos West Seattle Campus,hospital,Southwest Holden Street,Seattle,+1-206-933-7000,47.534445,-122.366224
ZoomCare,clinic,North 34th Street,Seattle,,47.6497803,-122.350269
ZoomCare,clinic,Broadway East,Seattle,,47.6239528,-122.321117
ZoomCare,clinic,Northwest Market Street,Seattle,+1-844-966-6777,47.668857,-122.38382
ZoomCare,clinic,Stone Way North,Seattle,,47.6618074,-122.342366
Pioneer Square Clinic,clinic,3rd Avenue South,Seattle,+1-206-521-1750,47.6005663,-122.330051
Pacific Medical Centers Beacon Hill,clinic,12th Avenue South,Seattle,,47.5927077,-122.3153277
MTI Physical Therapy,clinic,12th Avenue,Seattle,,47.6064792,-122.3164883
Country Doctor,clinic,19th Avenue East,Seattle,+1-206-299-1600,47.623424,-122.30698
ZoomCare,clinic,Southwest Alaska Street,Seattle,,47.5613859,-122.383336
Deeds Health,clinic,California Avenue Southwest,Seattle,,47.5652955,-122.3870229
West Seattle Women’s Health and Midwifery,clinic,44th Avenue Southwest,Seattle,,47.5602774,-122.3884588
ZoomCare,clinic,Westlake Avenue North,Seattle,,47.6189497,-122.338252
Northbound Treatment Services,clinic,2nd Avenue West,Seattle,+1-206-203-1836,47.6236486,-122.3590685
Union Physical Therapy,clinic,North 56th Street,Seattle,,47.6689687,-122.332326
ZoomCare,clinic,Union Street,Seattle,,47.609864,-122.333804
Indigo Urgent Care,clinic,Rainier Avenue South,Seattle,,47.5681184,-122.2888458
Concentra,clinic,Northeast Northgate Way,Seattle,,47.7096748,-122.3197675
ICHS,clinic,8th Avenue South,Seattle,,47.5961337,-122.322052
Primary Care at Northgate,clinic,Northeast Thornton Place,Seattle,,47.7027095,-122.325125
Swedish Sand Point Primary Care,clinic,Union Bay Place Northeast,Seattle,,47.6624306,-122.293639
ZoomCare,clinic,Queen Anne Avenue North,Seattle,,47.6363626,-122.3571603
UW Neighborhood Ravenna Clinic,clinic,25th Avenue Northeast,Seattle,,47.6650277,-122.3018048
ZoomCare,clinic,2nd Avenue,Seattle,,47.6140073,-122.345981
One Medical,clinic,Broadway,Seattle,,47.616277,-122.320587
St. Paul Medical Clinic,clinic,,Seattle,+1-206-682-7059,47.5980225,-122.3261743
The Lice Clinic,clinic,Greenwood Avenue North,Seattle,+1-206-457-2397,47.6872925,-122.355521
Virginia Mason University Village Medical Center,clinic,Northeast 46th Street,Seattle,,47.661649,-122.2982017
Downtown Seattle Medical Center,clinic,5th Avenue,Seattle,,47.610242,-122.3340592
Sports Medicine Center,clinic,Montlake Boulevard Northeast,Seattle,,47.6494457,-122.302016
Virginia Mason Franciscan Health,clinic,,Seattle,,47.5241595,-122.3652828
Seattle Surgery Center,clinic,Terry Avenue,Seattle,,47.6084402,-122.3255531
Neurologic Clinic,clinic,14th Avenue Northwest,Seattle,+1-206-782-4484,47.6697174,-122.3733265
Pike Market Medical Clinic,clinic,,Seattle,,47.6106589,-122.3428229
Planned Parenthood,clinic,Roosevelt Way Northeast,Seattle,+1 800 769 0045,47.665638,-122.317221
Indigo Urgent Care,clinic,,Seattle,,47.6614867,-122.327854
Maia Midwifery & Fertility,clinic,,Seattle,,47.5576704,-122.2847603
Swedish Downtown Seattle Primary Care,clinic,5th Avenue,Seattle,,47.6057961,-122.3301412
Better Hearing Center,clinic,Aurora Avenue North,Seattle,+1-206-782-1597,47.7020893,-122.344392
Franciscan Urgent Care,clinic,,Seattle,,47.5596402,-122.381729
Karalis Johnson Retina Center,clinic,,Seattle,,47.6234815,-122.342059
Washington Care Center,clinic,,Seattle,,47.5718991,-122.2955627
Rof Medical Center,clinic,South Jackson Street,Seattle,+1-206-568-8577,47.5994776,-122.313616
ZoomCare,clinic,West Armory Way,Seattle,,47.639891,-122.377135
One Medical,clinic,,Seattle,,47.665439,-122.3823899
Seattle Reproductive Medicine,clinic,Westlake Avenue North,Seattle,+1-206-301-5000,47.6324824,-122.341243
Sea Mar Behavioral Health,clinic,,Seattle,,47.5246368,-122.3151177
Sea Mar Community Health Centers,clinic,,Seattle,,47.5249374,-122.3147396
Sea Mar Community Health Centers,clinic,,Seattle,,47.5233189,-122.3152697
Virginia Mason Franciscan Health Medical Pavilion,clinic,5th Avenue Northeast,Seattle,,47.7059287,-122.325736
Meridian Pavilion,clinic,Meridian Avenue North,Seattle,,47.7088885,-122.3350412
B/C Wing,clinic,,Seattle,,47.7147588,-122.3376002
Seattle Children's Odessa Brown Children's Clinic Othello,clinic,South Othello Street,Seattle,,47.5368643,-122.2827433
Seattle Children's Odessa Brown Children's Clinic Central District,clinic,South Jackson Street,Seattle,,47.5991078,-122.3095484
One Medical,clinic,Denny Way,Seattle,,47.6186723,-122.3377492
Passport Health Downtown Seattle Travel Clinic,clinic,3rd Avenue,Seattle,,47.6098914,-122.3381744
RAYUS Radiology,clinic,Northeast 100th Street,Seattle,+1-206-524-5599,47.7008618,-122.3270621
Northwest Asthma & Allergy Center,clinic,3rd Avenue Northeast,Seattle,+1-206-527-1200,47.7002014,-122.3270796
Seattle Infectious Disease Clinic,clinic,Olive Way,Seattle,+1-206-682-3444,47.6127982,-122.3367365
Seattle Indian Health Board Lake City Clinic,clinic,33rd Avenue Northeast,Seattle,+1-206-324-9360,47.722238,-122.2919986
Neighborcare Health Lake City,clinic,30th Avenue Northeast,Seattle,+1-206-417-0783,47.7218848,-122.2967427
Kinwell,clinic,Westlake Avenue North,Seattle,,47.62057,-122.3382461
Wagner Pediatric Speech and Language,clinic,Evanston Avenue North,Seattle,,47.6504738,-122.3514846
Wagner Pediatric Speech and Language,clinic,Nickerson Street,Seattle,,47.6485404,-122.3543858
Kinwell,clinic,14th Avenue Northwest,Seattle,,47.6623316,-122.374163
Boyer Children's Clinic,clinic,62nd Avenue Northeast,Seattle,,47.6883645,-122.2648742
Sound,clinic,Meridian Avenue North,Seattle,,47.707483,-122.3329141
Providence Heritage House at the Market,clinic,,Seattle,,47.6089338,-122.3421412
Neuroveda Health,clinic,Westlake Avenue North,Seattle,+1-206-379-1213,47.63449,-122.339748
West Seattle Foot and Ankle,clinic,42nd Avenue Southwest,Seattle,+1-206-937-4700,47.5621402,-122.3851513
LightHeart Associates,clinic,North Northgate Way,Seattle,,47.7083736,-122.3334034
Neighborcare Health,clinic,,Seattle,,47.5475531,-122.3159199
UW Family Medicine Clinic at Harborview,clinic,Broadway,Seattle,,47.6055653,-122.3209484
One Medical,clinic,North 34th Street,Seattle,,47.6492268,-122.349213
Seattle Integrative Medicine,doctors,North Northgate Way,Seattle,,47.7083736,-122.3331432
Imagine at Northpoint,clinic,North Northgate Way,Seattle,,47.7084579,-122.3334528
Northpoint Recovery,clinic,North Northgate Way,Seattle,,47.708458,-122.3332917
Optum - Northgate Plaza Urgent Care,clinic,3rd Avenue Northeast,Seattle,+1-206-401-3191,47.6992648,-122.3270233
Skin Synthesis,clinic,,Seattle,+1 206-486-4784,47.6759622,-122.3129278
Northwest Kidney Centers,clinic,,Seattle,,47.7075642,-122.331567
AIMS Institute,clinic,Poplar Place South,Seattle,+1-206-420-1321,47.5921329,-122.3098898
Hillman City Medical,clinic,South Graham Street,Seattle,,47.546414,-122.2844617
