name,type,city,latitude,longitude
Navos West Seattle Campus,hospital,Seattle,47.534445,-122.366224
Fresenius Kidney Care,clinic,Tacoma,47.1930785,-122.4090406
Poulsbo Medical Clinic,clinic,Poulsbo,47.7442152,-122.6406496
Indigo Urgent Care,clinic,Unknown,47.6145896,-122.033726
Overlake Clinics - Urgent Care,clinic,Redmond,47.6702665,-122.110253
ZoomCare,clinic,Seattle,47.6497803,-122.350269
Evergreen Integrative Medicine L.L.P.,clinic,Unknown,47.6280688,-122.186307
Romanick MD PLLC,clinic,Unknown,47.6280697,-122.185997
Medical Arts Associates,clinic,Unknown,47.6254843,-122.184959
Central Washington Hospital Family Physicians,clinic,Unknown,47.4063344,-120.3238904
Silver Lake Medical Center,clinic,Everett,47.9068196,-122.2063004
The Vancouver Clinic,clinic,Washougal,45.5815447,-122.3759674
ZoomCare,clinic,Seattle,47.6239528,-122.321117
Lakeshore Clinic,clinic,Bothell,47.762374,-122.206434
ZoomCare,clinic,Seattle,47.668857,-122.38382
ZoomCare,clinic,Seattle,47.6618074,-122.342366
Pioneer Square Clinic,clinic,Seattle,47.6005663,-122.330051
Northshore Healing Rooms,clinic,Bothell,47.7605189,-122.2044519
Pacific Medical Centers Beacon Hill,clinic,Seattle,47.5927077,-122.3153277
MTI Physical Therapy,clinic,Seattle,47.6064792,-122.3164883
Sea-Mar Clinic,clinic,Tumwater,47.016546,-122.9006053
Country Doctor,clinic,Seattle,47.623424,-122.30698
Sea-Mar Community Health Center,clinic,Olympia,47.0488128,-122.939374
ZoomCare,clinic,Seattle,47.5613859,-122.383336
Deeds Health,clinic,Seattle,47.5652955,-122.3870229
West Seattle Women’s Health and Midwifery,clinic,Seattle,47.5602774,-122.3884588
ZoomCare,clinic,Seattle,47.6189497,-122.338252
Northbound Treatment Services,clinic,Seattle,47.6236486,-122.3590685
Union Physical Therapy,clinic,Seattle,47.6689687,-122.332326
ZoomCare,clinic,Seattle,47.609864,-122.333804
Indigo Urgent Care,clinic,Seattle,47.5681184,-122.2888458
Concentra,clinic,Seattle,47.7096748,-122.3197675
ICHS,clinic,Seattle,47.5961337,-122.322052
Primary Care at Northgate,clinic,Seattle,47.7027095,-122.325125
Swedish Sand Point Primary Care,clinic,Seattle,47.6624306,-122.293639
ZoomCare,clinic,Seattle,47.6363626,-122.3571603
UW Neighborhood Ravenna Clinic,clinic,Seattle,47.6650277,-122.3018048
Ski Patrol Aid Room,clinic,Unknown,46.9355117,-121.4750288
ZoomCare,clinic,Unknown,47.6140073,-122.345981
One Medical,clinic,Seattle,47.616277,-122.320587
Upper Cervical Clinic of Lynden,clinic,Unknown,48.9426829,-122.4562945
St. Paul Medical Clinic,clinic,Unknown,47.5980225,-122.3261743
Seattle Cancer Treatment and Wellness Center,clinic,Unknown,47.4664112,-122.230415
Lake Washington Physical Therapy,clinic,Unknown,47.6753938,-122.2046469
The Lice Clinic,clinic,Seattle,47.6872925,-122.355521
Virginia Mason University Village Medical Center,clinic,Seattle,47.661649,-122.2982017
Sound Healthcare,clinic,Unknown,47.5308796,-121.8735942
Overlake Medical Clinic,clinic,Unknown,47.6776142,-122.2038002
Lynden Family Medicine,clinic,Lynden,48.941072,-122.468211
Eastside Spine And Wellness,clinic,Unknown,47.7065793,-122.2124937
One Urgent Care,clinic,Kirkland,47.7089195,-122.2373742
Prime Spine,clinic,Kirkland,47.70929,-122.185177
DM Athletics,clinic,Kirkland,47.7103808,-122.1693186
F3 FUNctional Fitness LLC,clinic,Kirkland,47.7105828,-122.1687426
Virginia Mason Kirkland Medical Center,clinic,Kirkland,47.7153664,-122.1839437
Center for Women's Health at Evergreen,clinic,Kirkland,47.7160009,-122.1842731
Pacific Medical Centers - Totem Lake,clinic,Kirkland,47.7160776,-122.1843578
Totem Lake Physical Therapy,clinic,Kirkland,47.7161483,-122.1844888
Washington Hand Therapy - Kirkland,clinic,Kirkland,47.7162618,-122.184745
Cascadia Oral and Facial Surgeons,clinic,Kirkland,47.7182344,-122.1795345
Upper Cervical,clinic,Unknown,47.518971,-122.6085894
Downtown Seattle Medical Center,clinic,Seattle,47.610242,-122.3340592
Kaiser Permanente Redmond Medical Center at Riverpark,hospital,Unknown,47.6732863,-122.129091
ZoomCare,clinic,Shoreline,47.7446433,-122.3461814
Rayus Radiology,clinic,Unknown,47.4415358,-122.2210337
PIC Physical Therapy,clinic,Unknown,47.4415732,-122.2228979
Valley Medical Center - Office,clinic,Unknown,47.4472813,-122.2230989
Sea Mar Community Health Centers,clinic,Unknown,47.5158095,-122.3535448
Cowlitz Family Health Center Clinic,clinic,Unknown,45.9086624,-122.740744
Sea Mar Community Health Center - Behavioral Health,clinic,Kent,47.3816467,-122.2555693
ZoomCare,clinic,Vancouver,45.7194835,-122.6608444
HearUSA,clinic,Mount Vernon,48.4353594,-122.3183474
Women's Clinic,clinic,Unknown,45.7221324,-122.6622199
Creekside Medical,clinic,Unknown,45.722131,-122.661994
Urgent Care,clinic,Unknown,45.7175601,-122.6570784
Concentra Occupational Therapy,clinic,Unknown,47.3861638,-122.2029433
Frontier Dermatology,clinic,Mount Vernon,48.4348921,-122.3252397
FCN Urgent Care,clinic,Mount Vernon,48.4433739,-122.3430663
First Aid Station,clinic,Unknown,47.1828883,-122.2938481
Mount Vernon Chiropractic,clinic,Mount Vernon,48.4335895,-122.3214182
Valley Rehab,clinic,Mount Vernon,48.4335883,-122.3212067
ZoomCare,clinic,Vancouver,45.619128,-122.645013
We've Got Your Back,clinic,Unknown,45.6194067,-122.643784
Urgent Medical Clinic,clinic,Unknown,45.6775059,-122.6619438
Neurological Associates of Washington,clinic,Unknown,47.6249798,-122.184222
Vancouver Clinic,clinic,Vancouver,45.6266364,-122.534116
Mary Bridge Children's Therapy Center,clinic,Unknown,47.4458772,-122.2230989
Overlake Family Medicine,doctors,Unknown,47.5815955,-122.1397566
Summit Urgent Care,clinic,Unknown,47.5754036,-122.1690758
Providence Regional Medical Center,clinic,Unknown,48.0052364,-122.198867
Fearn Natural Health Clinic,clinic,Camas,45.6215839,-122.4746376
NW Sports Physical Therapy,clinic,Camas,45.622056,-122.4755367
ZoomCare,clinic,Vancouver,45.6152961,-122.50532
PeaceHealth Family Medicine,clinic,Unknown,46.1469838,-122.9263123
Alive and Shine Center,clinic,Unknown,47.6306233,-122.1546544
Providence,clinic,Unknown,45.7817718,-122.5498997
GoHealth Urgent Care,clinic,Unknown,45.6195234,-122.554417
Element 7 Wellness,clinic,Bainbridge Island,47.6340973,-122.5206847
A Better Choice,clinic,Unknown,45.9016911,-122.7497705
Providence Express Care,clinic,Unknown,47.6720806,-117.4088622
Sports Medicine Center,clinic,Seattle,47.6494457,-122.302016
Saint Anthony Prompt Care,clinic,Gig Harbor,47.3000279,-122.5811114
West Hill Medical Center,clinic,Unknown,47.3798703,-122.2851773
Health Centered Dentistry,clinic,Unknown,47.3909768,-122.2305171
Sky River Natural Health Center,clinic,Unknown,47.8675334,-121.784584
F. W. Meditation,clinic,Unknown,47.3584221,-122.289447
Go Health,clinic,Vancouver,45.5954593,-122.4765451
Providence,clinic,Vancouver,45.59819,-122.4777252
AFC Urgent Care,clinic,Unknown,47.4409,-122.2448007
Chan Clinic Chiropractic,clinic,Unknown,47.4414079,-122.2437331
Puget Sound Pain Clinic,clinic,Unknown,47.4414014,-122.2434046
Urgent Medical Center,clinic,Unknown,45.7243124,-122.6508624
Overlake Medical Clinics,clinic,Bellevue,47.6188801,-122.2032203
Valley Medical Center - Patient Accounts,clinic,Unknown,47.4468772,-122.22307
Full Life Adult Day Health Center,clinic,Kent,47.4408031,-122.2358984
Evergreen Primary Care,clinic,Unknown,47.8593618,-121.8268776
One Medical,clinic,Unknown,47.4847958,-122.21596
Northwest Weight Loss Surgery,clinic,Everett,47.8804524,-122.2298077
Phandinh Clinic,clinic,Unknown,47.4416621,-122.2223391
Overlake Medical Clinic,clinic,Unknown,47.550539,-122.0411914
WIC Clinic,clinic,Unknown,46.9853851,-120.5394102
DaVita Dialysis,clinic,Unknown,47.0779704,-122.2935126
Virginia Mason Franciscan Health,clinic,Unknown,47.5241595,-122.3652828
Battle Ground Health Care,clinic,Battle Ground,45.7585805,-122.5581101
Kaiser Permanente,clinic,Unknown,45.7817075,-122.545349
Casey Eye Institute - Lower Columbia Eye Clinic,clinic,Unknown,46.145458,-122.9327413
DaVita Dialysis,clinic,Unknown,47.5445044,-122.0482135
LabCorp,clinic,Unknown,47.3078873,-122.2296633
MultiCare Women's Center,clinic,Unknown,47.3077356,-122.2295215
Valley Women's Health Care,clinic,Unknown,47.3079705,-122.2295315
Overlake Reproductive Health,clinic,Unknown,47.6244414,-122.1894312
Seattle Surgery Center,clinic,Seattle,47.6084402,-122.3255531
Whole Health Clinic,clinic,Unknown,47.4306078,-122.2498591
Ellensburg Pediatrics,clinic,Unknown,46.9865319,-120.5371272
Providence Medical Park,clinic,Unknown,47.6670066,-117.1805409
Franciscan Medical Clinic,clinic,Unknown,47.3169996,-122.2268591
Indigo Urgent Care,clinic,Tukwila,47.4487733,-122.2629789
UW Primary Care and Specialty Clinic,clinic,Mountlake Terrace,47.7782393,-122.3146985
Northwest Kidney Centers,clinic,Unknown,47.4737038,-122.2375622
Indigo Urgent Care,clinic,Covington,47.3584159,-122.1192368
Valley Medical Center - Lake Sawyer Clinic,clinic,Maple Valley,47.357104,-122.0558722
IndiGo Urgent Care,clinic,Unknown,47.6993912,-117.4473878
Neurologic Clinic,clinic,Seattle,47.6697174,-122.3733265
DuPont Medical Clinic,clinic,Unknown,47.0924358,-122.6462531
Overlake Medical Center,clinic,Bellevue,47.6046825,-122.1322252
Allcare Medical Clinic,clinic,Unknown,47.4845638,-122.2018896
Miramar Health Center,clinic,Pasco,46.2427847,-119.1492072
Pike Market Medical Clinic,clinic,Unknown,47.6106589,-122.3428229
Skagit Regional Clinics - Smokey Point,clinic,Arlington,48.1531506,-122.1781619
Urgent Medical,clinic,Unknown,45.6579273,-122.5756391
MultiCare Primary Care – Lake Meridian,clinic,Kent,47.3599826,-122.1680244
Kent Medical Clinic,clinic,Unknown,47.3705776,-122.1962689
MultiCare Women's Health Clinic,clinic,Covington,47.3588954,-122.1094628
Indigo Urgent Care,clinic,Orting,47.1000247,-122.210041
International Community Health Services,clinic,Unknown,47.6196432,-122.153019
University of Washington Medical Center - Fairwood Clinic,clinic,Unknown,47.4444743,-122.148465
Kinwell,clinic,Bellingham,48.7308596,-122.4729627
Heal Here Now,clinic,Unknown,45.7069887,-122.6478527
Snoqualmie Valley Clinic,clinic,Snoqualmie,47.5271515,-121.825134
American Mobile Drug Testing,clinic,Unknown,47.6809179,-117.258281
Medical Center of Orting,clinic,Unknown,47.0974131,-122.2032994
Talbot Medical Center,clinic,Unknown,47.4391984,-122.2135985
South Auburn General Medical Clinic,clinic,Unknown,47.2739644,-122.2273046
Raging River Recovery Center,clinic,Snoqualmie,47.5143373,-121.8260152
Sherwin-Williams,clinic,Renton,47.505394,-122.1588284
Concentra,clinic,Unknown,47.4571974,-122.249261
Occupational Medical Clinic of Tacoma,clinic,Unknown,47.2434672,-122.3657182
Randle Medical Clinic,clinic,Unknown,46.5346201,-121.9263145
Neighborhood Health Sunnyside,clinic,Unknown,46.316386,-119.987454
Planned Parenthood,clinic,Seattle,47.665638,-122.317221
Sea Mar Community Health Centers,clinic,Unknown,47.0020091,-124.161138
Mini Clinic,clinic,Unknown,47.0566473,-122.2941269
Rainier Natural Health Clinic,clinic,Unknown,47.163066,-122.02846
Indigo Urgent Care,clinic,Unknown,47.6614867,-122.327854
Snoqualmie Tribal Family Clinic,clinic,Snoqualmie,47.5143193,-121.82631
Rose Urgent Care,clinic,Unknown,45.7814276,-122.558894
Bows-R-Bowties 1st Peek Ultrasound,clinic,Unknown,47.457154,-122.2449437
Eastside Chiropractic,clinic,Bothell,47.7431701,-122.1837338
Aspire Physcial Therapy,clinic,Unknown,47.1997362,-121.9852555
Pinnacle Medical Wellness,clinic,Enumclaw,47.2012706,-121.9902457
Franciscan Specialty Clinic,clinic,Unknown,47.2053426,-121.9882526
Options 360 Pregnancy Clinic,clinic,Unknown,45.7813936,-122.5553149
Seattle Pain Relief,clinic,Unknown,47.2881493,-122.3177554
Snohomish County Radiation Treatment,clinic,Unknown,47.9004268,-122.2928392
Indigo Urgent Care,clinic,Kirkland,47.7099116,-122.1792159
Planned Parenthood,clinic,Lynnwood,47.8220377,-122.3352368
Eden Clinic,clinic,Lynnwood,47.8495645,-122.2616
Concentra Urgent Care,clinic,Unknown,47.8205959,-122.2919757
Northwest Kidney Centers,clinic,Seatac,47.4425319,-122.294789
Care Clinic,clinic,Unknown,47.6180058,-122.2058754
Pacific Northwest Plastic Surgery P.S.,clinic,Unknown,47.2111975,-122.5359111
Totem Lake Family Medicine,clinic,Kirkland,47.7150738,-122.1839625
PACLAB at EvergreenHealth Plaza,clinic,Kirkland,47.7151439,-122.1841676
Indigo Urgent Care,clinic,Unknown,47.4600201,-122.3328133
Bremerton Wellness,clinic,Bremerton,47.6099728,-122.6275153
Sea Mar,clinic,Unknown,47.5755705,-122.1404937
Optimum Physical Therapy,clinic,Unknown,47.2394477,-122.517537
Spine Institute Northwest,clinic,Bothell,47.7989462,-122.2110352
Sound Healing Arts,clinic,Unknown,47.213291,-122.5400064
Avamere Rehabilitation of Issaquah,clinic,Unknown,47.5213632,-122.0349931
Ankle & Foot Clinic,clinic,Unknown,47.2070111,-122.5071124
Hanger Clinic,clinic,Unknown,47.4429593,-122.2218672
Puget Sound Orthopaedics,clinic,Unknown,47.1907597,-122.5195166
Bone & Balance,clinic,Unknown,47.1887284,-122.5197918
MVP Physical Therapy,clinic,Unknown,47.1908394,-122.5193029
Acupuncture and Neuropathic Medicine,clinic,Unknown,47.1887999,-122.5197832
Center for Diagnostic Imaging,clinic,Unknown,47.1906637,-122.5195839
Lakewood Pediatric Associates,clinic,Unknown,47.189739,-122.5199243
Lakewood Surgery Center,clinic,Unknown,47.1908262,-122.5195992
Pacific Medical Prosthetics & Orthotics,clinic,Unknown,47.1906634,-122.5192086
NW Pain Relief Centers,clinic,Unknown,47.1896153,-122.5199859
Cascade Family Medicine,clinic,Unknown,45.6104348,-122.50289
Indigo Urgent Care,clinic,Unknown,47.8490255,-122.221625
Emery Chang MD General Surgery,clinic,Unknown,47.1545932,-122.5051701
Bridgeport Women's Healthcare,clinic,Unknown,47.1545337,-122.5051806
Providence Regional Cancer System,clinic,Lacey,47.0451282,-122.825641
RadiantCare Lacey,clinic,Lacey,47.0451437,-122.8259642
Edmonds Family Medicine,clinic,Edmonds,47.8073954,-122.3322571
Edmonds Family Medicine Walk-In Clinic,clinic,Edmonds,47.8074652,-122.3322554
"Wes Cauthers, MA, LHMC",clinic,Unknown,47.2190943,-122.5358791
"Dawn Breikss, MA, LHMC, NCC",clinic,Unknown,47.2191448,-122.5358524
CHI Franciscan Health,clinic,Unknown,47.2713911,-122.5148642
DaVita Dialysis,clinic,Battle Ground,45.781625,-122.544926
Snoqualmie Ridge Medical Center,clinic,Unknown,47.5310744,-121.8727919
Snoqualmie Ridge Urgent Care,clinic,Unknown,47.530962,-121.8731653
Blue Moon Healing Arts,clinic,Unknown,47.2300685,-122.5374313
Dr. W.P. Yip Family Chiropractic Clinc,clinic,Unknown,47.231492,-122.5374826
Integrative Health & Allergy,clinic,University Place,47.2363951,-122.5361113
Medtriq Treatment Center,clinic,University Place,47.236991,-122.536648
Natural Born Healers,clinic,University Place,47.2369506,-122.5366517
A Vital Connection,clinic,University Place,47.236904,-122.5366517
Spinal Decompression Cold Laser Pain Relief,clinic,University Place,47.2369872,-122.5361744
Serene,clinic,University Place,47.2369582,-122.5361409
Dr. John Mishko,clinic,University Place,47.2369178,-122.53618
Community Health Care,clinic,Unknown,47.2535635,-122.4384561
Community Health Care,clinic,Unknown,47.2513387,-122.4398857
Cornerstone Chiropratic,clinic,Unknown,47.878712,-122.2055328
Burien Medical Clinic,clinic,Unknown,47.4904064,-122.3503692
Multicare Center of Occupational Medicine,clinic,Unknown,47.4638717,-122.333217
Planned Parenthood,clinic,Federal Way,47.289069,-122.3198622
Puyallup Integrative Tribal Medicine,clinic,Unknown,47.2417265,-122.3787296
Life & Health,clinic,Unknown,47.2905576,-122.324301
Maia Midwifery & Fertility,clinic,Unknown,47.5576704,-122.2847603
Swedish Downtown Seattle Primary Care,clinic,Seattle,47.6057961,-122.3301412
Franciscan Medical Clinic,clinic,Unknown,47.2206408,-122.5338778
Light Touch,clinic,Unknown,47.2170316,-122.5368696
Mount Rainier Neurology,clinic,Unknown,47.2349194,-122.542643
CityMD,clinic,Unknown,47.2263911,-122.53651
Vision Care Associates,clinic,Unknown,47.234957,-122.5470634
The Healing Clinc,clinic,Unknown,47.234889,-122.5431193
Better Hearing Center,clinic,Seattle,47.7020893,-122.344392
Planned Parenthood,clinic,Unknown,47.2258132,-123.125789
The Dermatology Clinic,clinic,Unknown,47.5862278,-122.2341795
TRI Medical Imagery,clinic,Unknown,47.167152,-122.5162849
Lakewood Child and Family Counseling,clinic,Unknown,47.1730144,-122.5180828
Overlake Medical Clinic - Sammamish,clinic,Unknown,47.6058456,-122.036001
Bloodworks Northwest Federal Way Center,clinic,Federal Way,47.3121945,-122.3158985
Urgent Care,clinic,Unknown,47.2237598,-122.474183
Discover Chiropractic,clinic,Unknown,47.2359021,-122.5267727
Aplus Healthcare,clinic,Unknown,47.2365862,-122.5274852
Spa Apsada,clinic,Unknown,47.2394415,-122.5177777
Ageiess Beauty,clinic,Unknown,47.2390251,-122.5206052
Psychiatry & Counseling NW,clinic,Unknown,47.2410932,-122.5233623
Optimum physical therapy,clinic,Unknown,47.2394502,-122.5176265
Indigo Urgent Care,clinic,Unknown,47.3163565,-122.3005964
Indigo Urgent Care,clinic,Unknown,47.5479883,-122.0407463
Astria Urgent Care,clinic,Unknown,46.593054,-120.562196
Swedish Snoqualmie Primary Care,doctors,Snoqualmie,47.5340433,-121.838407
MultiCare Rockwood Liberty Lake Clinic,clinic,Liberty Lake,47.6694475,-117.1091294
Confluence Health,clinic,Unknown,47.121709,-119.2657015
DaVita Dialysis,clinic,Unknown,46.999718,-122.919356
"John J Yae, DDS",clinic,Unknown,47.8197064,-122.325509
Lifeplus Health Centers,clinic,Unknown,47.8220758,-122.3213243
Borish Stanley Inc MD PS,clinic,Unknown,47.821694,-122.319937
Franciscan Urgent Care,clinic,Unknown,47.5596402,-122.381729
Sammamish Valley Physical Therapy,clinic,Woodinville,47.7537725,-122.1732876
Immediate Clinic,clinic,Everett,47.90964,-122.2244717
Pacific Medical Centers,clinic,Federal Way,47.3169269,-122.299962
Christian Community Free Clinic,clinic,Unknown,47.3076029,-122.231403
Cornerstone Clinic,clinic,Unknown,47.3156756,-122.3197657
Innovative Men's Clinic,clinic,Unknown,47.3109802,-122.3110794
Karalis Johnson Retina Center,clinic,Unknown,47.6234815,-122.342059
Washington Care Center,clinic,Unknown,47.5718991,-122.2955627
DaVita Dialysis,clinic,Unknown,46.2710788,-119.180202
MultiCare,clinic,South Hill,47.0948778,-122.3546275
UW Neighboorhood Woodinville Clinic,clinic,Unknown,47.75601,-122.1518619
Thrive Direct Health Care,clinic,Unknown,48.3919205,-122.488652
One Medical,clinic,Shoreline,47.7396355,-122.344057
Dr. Kim's Clinic,clinic,Shoreline,47.7394217,-122.3440545
Neck & Back Pain Clinic,clinic,Unknown,47.6174916,-122.1517503
DS Skin and Lips Medical Spa,clinic,Unknown,47.7621858,-122.209506
CBPCC,clinic,Lacey,47.0437156,-122.8372462
Pacific Walk-In Clinic,clinic,Unknown,47.040171,-122.8366144
Fresenius Kidney Care,clinic,Unknown,47.0415419,-122.838534
Evergreen Health Urgent Care,clinic,Unknown,47.7605135,-122.2504022
Evergreen Health Primary Care,clinic,Unknown,47.7605119,-122.2506215
Cancer Care Northwest,clinic,Spokane,47.6507618,-117.402413
The Everett Clinic,clinic,Unknown,47.976643,-122.2125408
Auburn Way Wellness Center,clinic,Unknown,47.3419585,-122.221851
Yakima Valley Farm Workers Clinic,clinic,Unknown,46.5838579,-120.4861638
Concentra Urgent Care,clinic,Unknown,47.4670548,-122.24869
Infuze Medical,clinic,Unknown,46.1867595,-119.1789145
MultiCare,clinic,Unknown,47.253416,-122.3572952
Greater Columbia Bariatric Surgeons,clinic,Unknown,46.2580844,-119.3406337
Comprehensive Pain Management Clinic,clinic,Unknown,46.2629655,-119.4851068
Benton City Clinic,clinic,Unknown,46.2630942,-119.4848267
DaVita Dialysis,clinic,Unknown,47.8736294,-122.2749079
C.H.I.R.O. Health Center,clinic,Unknown,46.9828303,-122.9041969
Rof Medical Center,clinic,Unknown,47.5994776,-122.313616
Kirkland Dermatology Associates,clinic,Kirkland,47.7151891,-122.1839459
Columbia Shores ObGyn,clinic,Unknown,46.2292021,-119.2681353
Lake Chelan Community Hospital Clinics,clinic,Unknown,47.8409452,-120.0154719
PeaceHealth Therapy & Wellness,clinic,Unknown,46.1445856,-122.9303155
Samaritan Clinic on Patton,clinic,Unknown,47.1625515,-119.3120038
Shift Set Go,clinic,Unknown,48.1534317,-122.1940659
Puget Sound Kidney Center,clinic,Unknown,47.1489102,-122.4997386
LabCorp,clinic,Bellevue,47.6213283,-122.1851848
Holistique Naturopathic,clinic,Bellevue,47.6212135,-122.1852372
Washington Endodontics,clinic,Bellevue,47.6211193,-122.1849096
Higher Health Spine and Sport,clinic,Bellevue,47.6213344,-122.1848881
NeuroStim TMS Centers,clinic,Bellevue,47.6212568,-122.1833835
USA Vein Clinics,clinic,Bellevue,47.6212447,-122.1835202
Indigo Urgent Care,clinic,Unknown,47.1186341,-122.2926309
Iora Primary Care,clinic,Unknown,47.1562595,-122.2923607
ZoomCare,clinic,Unknown,47.6136145,-122.199415
Sea Mar Community Health Clinic,clinic,Unknown,47.1397725,-122.2942781
CHI Franciscan Urgent Care,clinic,South Hill,47.1472515,-122.2925624
Fresenius Medical Care,clinic,Unknown,46.172504,-123.0148415
Kaiser Permanente,clinic,Unknown,47.204075,-122.46241
PeaceHealth Union Station Clinic,clinic,Vancouver,45.6246707,-122.4756092
ZoomCare,clinic,Unknown,47.639891,-122.377135
Kinwell,clinic,Unknown,47.6720869,-117.411745
Thrive Lactation,clinic,Issaquah,47.5398564,-122.0422942
ZoomCare,clinic,Unknown,47.8243724,-122.271105
Health First Urgent Care,clinic,Unknown,46.2642326,-119.2669155
MultiCare - University,clinic,Puyallup,47.1930828,-122.2766486
Puyallup Respiratory Services,clinic,Unknown,47.1920678,-122.2842367
Dove Medical Clinic,clinic,Unknown,47.1920665,-122.2844604
Paladina Health,clinic,Unknown,47.1907257,-122.287584
Any Lab Test Now,clinic,Unknown,47.6789482,-122.1247103
Spokane Dermatology Clinic,clinic,Spokane,47.6527747,-117.404126
Care Medical Group,clinic,Bellingham,48.788582,-122.507516
Confluence Health Clinic,clinic,Tonasket,48.707835,-119.4381786
Woodland Urgent Care Center,clinic,Chehalis,46.640129,-122.9399532
Capital Oncology,clinic,Chehalis,46.6406101,-122.9413845
Village Family Clinic & Wellness Center,clinic,Unknown,47.5397292,-122.0423968
Zoom+ care,clinic,Unknown,47.7989078,-122.3316563
Swedish Urgent Care,clinic,Unknown,47.8028572,-122.3310514
Joo Clinic,clinic,Unknown,47.7935081,-122.3369812
Indigo Urgent Care,clinic,Lacey,46.9965708,-122.8174743
Peninsula Community Health Services,clinic,Unknown,47.4511639,-122.8283512
One Medical,clinic,Unknown,47.665439,-122.3823899
Kaiser Permanente,clinic,Olympia,47.0376921,-122.938709
Seattle Reproductive Medicine,clinic,Seattle,47.6324824,-122.341243
Providence Express Care,clinic,Unknown,47.7403457,-117.488532
ZoomCare,clinic,Vancouver,45.6247153,-122.6798078
Planned Parenthood,clinic,Unknown,46.2315062,-119.222
Overlake Clinics - Urgent Care,clinic,Newcastle,47.5433915,-122.1637508
Kadlec ExpressCare,clinic,Pasco,46.277375,-119.1870763
Sea Mar Behavioral Health,clinic,Unknown,47.5246368,-122.3151177
Sea Mar Community Health Centers,clinic,Unknown,47.5249374,-122.3147396
Sea Mar Community Health Centers,clinic,Unknown,47.5233189,-122.3152697
One Medical,clinic,Unknown,47.23376,-122.504514
Fresenius Medical Care,clinic,Unknown,46.6592141,-122.9585272
Virginia Mason Franciscan Health Medical Pavilion,clinic,Seattle,47.7059287,-122.325736
Indigo Urgent Care,clinic,Unknown,47.6436634,-117.5477396
Northwest Pediatrics Center,clinic,Unknown,46.6603913,-122.9630521
Chehalis Children's Clinic,clinic,Unknown,46.6595371,-122.9605495
Providence Medical Group Chehalis Family Medicine,clinic,Unknown,46.6558208,-122.9565307
VA Medical Center,hospital,Unknown,46.6873697,-122.9580516
Eugenia Center Substance Use Disorder Services,clinic,Chehalis,46.6629251,-122.9663711
Indigo Urgent Care,clinic,Unknown,47.0960339,-122.3578689
Valley Gastroenterology,clinic,Unknown,47.6704978,-117.2382318
Valley Obstetrics and Gynecology,clinic,Unknown,47.6703049,-117.237532
Indigo Urgent Care,clinic,Unknown,47.7436036,-117.40681
MultiCare Occupational Medicine,clinic,Unknown,47.7435818,-117.4069525
Sweet Pea Imagery,clinic,Unknown,47.6983367,-117.4122598
Meridian Pavilion,clinic,Seattle,47.7088885,-122.3350412
B/C Wing,clinic,Unknown,47.7147588,-122.3376002
Cedar River Clinics,clinic,Renton,47.4809582,-122.2185446
Providence ExpressCare,clinic,Unknown,47.0594235,-122.7642039
Alicia Seyhanli Permanent Cosmetics,clinic,Unknown,47.6932012,-117.4329263
The Doctor’s Clinic – Poulsbo,clinic,Unknown,47.7375594,-122.6424405
Virginia Mason Franciscan Health Support Services,clinic,Bremerton,47.6035786,-122.6309461
Vera Wellness Center,clinic,Mount Vernon,48.4106422,-122.3382273
Ilwaco Medical Clinic,clinic,Unknown,46.3086484,-124.0424212
Seattle Children's Odessa Brown Children's Clinic Othello,clinic,Seattle,47.5368643,-122.2827433
Seattle Children's Odessa Brown Children's Clinic Central District,clinic,Seattle,47.5991078,-122.3095484
Indigo Urgent Care,clinic,Unknown,47.2982866,-122.5048975
CPR Central Spokane,clinic,Unknown,47.6770751,-117.4116287
Passport Health Bellevue Travel Clinic,clinic,Bellevue,47.6223782,-122.1607939
Optum,clinic,Unknown,47.7550067,-122.3429573
EvergreenHealth Primary Care - Duvall,clinic,Unknown,47.7342586,-121.9866869
One Medical,clinic,Seattle,47.6186723,-122.3377492
Wellness of life,clinic,Anacortes,48.5163753,-122.6127588
Passport Health Lynnwood Travel Clinic,clinic,Lynnwood,47.8241437,-122.281092
Passport Health Downtown Seattle Travel Clinic,clinic,Seattle,47.6098914,-122.3381744
RAYUS Radiology,clinic,Seattle,47.7008618,-122.3270621
Passport Health Renton Travel Clinic,clinic,Renton,47.4693209,-122.2154922
Northwest Asthma & Allergy Center,clinic,Seattle,47.7002014,-122.3270796
DaVita Dialysis,clinic,Unknown,47.1959703,-122.2144621
Naches Medical Clinic,clinic,Unknown,46.7307656,-120.6989269
Columbia Valley Community Health,clinic,Wenatchee,47.4191789,-120.318136
Urgent Care La Clinica,clinic,Unknown,46.241865,-119.1039805
Yirae Ort MD Facial Aesthetic Surgery,clinic,Bellevue,47.6212488,-122.1848575
Kadlec ExpressCare,clinic,Richland,46.2590049,-119.3067144
Wenatchee Acupuncture Clinic,clinic,Unknown,47.4200836,-120.3096298
Seattle Reproductive Medicine,clinic,Spokane Valley,47.6686022,-117.1907386
Seattle Infectious Disease Clinic,clinic,Seattle,47.6127982,-122.3367365
Super Track Urgent Care,clinic,Bellingham,48.7439272,-122.4610796
Bellingham Advanced Medical Imaging,clinic,Unknown,48.7464087,-122.4634859
Adult Family Home,social_facility,Lynnwood,47.8106266,-122.2734904
Planned Parenthood,clinic,Unknown,48.7504565,-122.4713262
Pacific Medical,clinic,Unknown,47.654878,-117.4014365
Indigo,clinic,Unknown,47.0483945,-122.9417069
Apex Spine Institute Imaging Center,clinic,Richland,46.2794868,-119.280566
Apex Spine Institute,clinic,Richland,46.2802119,-119.2804754
Lice Clinics of America,clinic,Unknown,47.7363538,-117.4120864
Ideal Option,clinic,Bellingham,48.7333797,-122.465964
Life Care Center of Richland,clinic,Unknown,46.2614416,-119.2813557
His & Hers Hormone Health & Wellness,clinic,Unknown,46.146676,-122.928173
Zoomcare,clinic,Unknown,47.4491148,-122.2608718
NeuroStim TMS,clinic,Bellingham,48.772994,-122.4446574
Y-CPR Academy,clinic,Redmond,47.6836658,-122.1398963
Hometown Family Medicine,clinic,Unknown,47.1267239,-118.3814339
RejuvenationMD,clinic,Unknown,48.7733601,-122.4428072
CHAS,clinic,Cheney,47.4974669,-117.5655856
Seattle Indian Health Board Lake City Clinic,clinic,Seattle,47.722238,-122.2919986
Neighborcare Health Lake City,clinic,Seattle,47.7218848,-122.2967427
Carulli Médical and Aesthetics,clinic,Camas,45.6053129,-122.4755345
Mind Body Natural Healing Center,clinic,Camas,45.6054432,-122.4754851
Kinwell,clinic,Seattle,47.62057,-122.3382461
Wagner Pediatric Speech and Language,clinic,Seattle,47.6504738,-122.3514846
Wagner Pediatric Speech and Language,clinic,Seattle,47.6485404,-122.3543858
Neck & Back Clinic,clinic,Unknown,47.820324,-122.2857235
Kinwell,clinic,Unknown,47.6623316,-122.374163
South Sound Behavioral Hospital,hospital,Lacey,47.0426091,-122.8279879
Passport Health Federal Way Travel Clinic,clinic,Federal Way,47.2913952,-122.3203422
Passport Health Vancouver Travel Clinic,clinic,Vancouver,45.6547489,-122.5944613
Indigo Urgent Care,clinic,Unknown,47.7756363,-122.3102905
Indigo Urgent Care,clinic,Unknown,47.6750775,-122.1277235
EvergreenHealth Urgent Care,clinic,Unknown,47.7139268,-122.183056
ZoomCare,clinic,Unknown,47.7146889,-122.1831022
Optum Soper Hill,clinic,Unknown,48.0234025,-122.1116534
Prime Health Clinic,clinic,Unknown,47.1915008,-122.2809283
You Medical,clinic,Unknown,46.2126239,-119.1896811
Planned Parenthood,clinic,Seattle,47.5139546,-122.3449786
Franciscan Medical Clinic,clinic,Milton,47.2503944,-122.2970568
ZoomCare,clinic,Unknown,47.6286404,-122.1425654
Family Health Center,clinic,Castle Rock,46.2747515,-122.9091362
Community Integrated Health Services,clinic,Unknown,46.9716852,-123.8257924
Mary's Corner Medical Clinic,clinic,Unknown,46.5429238,-122.8234218
PeaceHealth Fairhaven Plaza Clinic,clinic,Unknown,48.7149413,-122.4764476
DaVita Dialysis,clinic,Unknown,47.8337462,-122.2084555
Multicare Indigo Urgent Care Clinic,clinic,Unknown,47.0678888,-122.7689017
Valley Medical Center - Newcastle Clinic,clinic,Newcastle,47.5380856,-122.1680937
Passport Health Spokane Travel Clinic,clinic,Spokane,47.6279552,-117.381052
Passport Health Tacoma Travel Clinic,clinic,Tacoma,47.2103828,-122.4642594
Behavioral Health Services,clinic,Yakima,46.5944374,-120.5245028
11th Avenue Family Medicine Clinic,clinic,Yakima,46.5934062,-120.5224764
Children’s Village,clinic,Yakima,46.6120343,-120.5586527
Sunnyside Immediate Care,clinic,Sunnyside,46.3178981,-119.9846097
Behavioral Health Services,clinic,Yakima,46.5772219,-120.4890119
Toppenish Medical-Dental Clinic,clinic,Toppenish,46.3745728,-120.3168677
Unify Community Health,clinic,Spokane,47.6942342,-117.3741505
Family Medical Center,clinic,Walla Walla,46.0620115,-118.3560361
Valley Vista Medical Group,clinic,Prosser,46.2073465,-119.7631457
Mountainview Women’s Health Center,clinic,Grandview,46.2540251,-119.9021921
Grandview Medical-Dental Clinic,clinic,Grandview,46.2661221,-119.9224763
Legacy Medical Group - Camas,clinic,Camas,45.6097901,-122.4752855
Boyer Children's Clinic,clinic,Seattle,47.6883645,-122.2648742
ZoomCare,clinic,Vancouver,45.6246279,-122.5899801
Fred Hutch Cancer Center - Proton Therapy,hospital,Unknown,47.7129304,-122.3364351
Zoom+ Super,clinic,Unknown,47.6133343,-122.1992169
North Cascade Family Physicians,clinic,Mount Vernon,48.4130972,-122.3142373
"Ruth Freeman, MD",clinic,Bothell,47.8157283,-122.2065917
Deer Park Urgent Care,clinic,Unknown,47.9478385,-117.4794052
The Foundation,clinic,Unknown,47.2039409,-121.9910197
EvergreenHealth Home Care Services,clinic,Kirkland,47.7152486,-122.1842953
Northwest Autism Center,clinic,Unknown,47.7348503,-117.4213414
DaVita Dialysis,clinic,Unknown,48.30312,-122.6463279
Sound,clinic,Seattle,47.707483,-122.3329141
Unity Care NW - North Whatcom,clinic,Ferndale,48.8617235,-122.5837919
SHIFA Health,clinic,Everett,47.9037515,-122.2062063
MultiCare Rockwood Clinic,clinic,Unknown,47.64532,-117.5559765
Indigo Urgent Care,clinic,Unknown,47.2439303,-122.2081419
PeaceHealth St. Joseph Medical Center Wound Healing Center,clinic,Bellingham,48.7960937,-122.484638
Providence ExpressCare,clinic,Unknown,47.6290873,-117.3683459
Oasis Healogy Clinic,clinic,Yakima,46.5869161,-120.4986527
Providence Heritage House at the Market,clinic,Unknown,47.6089338,-122.3421412
Community Health Partners Free Medical Clinic,clinic,Unknown,46.1435059,-122.9281649
Community Health Center,clinic,Edmonds,47.7882938,-122.340482
MultiCare Indigo Urgent Care,clinic,Tacoma,47.2634855,-122.4478423
Longview Radiologists,clinic,Unknown,46.1448728,-122.9230269
Pregnancy Resource Center,clinic,Unknown,47.9604799,-122.2096494
The Center • A Place of HOPE,clinic,Edmonds,47.8098714,-122.3755023
Harbor Crest Behavioral Health,hospital,Aberdeen,46.9811017,-123.820699
Winder Clinic,clinic,Unknown,47.1014625,-122.5563178
Proliance Orthopedic Associates - Renton,clinic,Unknown,47.4438475,-122.2138172
Huddle Men's Health TRT Clinic,clinic,Bellevue,47.6239842,-122.1865888
Skin by Lovely,clinic,Vancouver,45.5970442,-122.4786544
Verity Health PNW,clinic,Unknown,45.5974768,-122.5047067
Neuroveda Health,clinic,Seattle,47.63449,-122.339748
West Seattle Foot and Ankle,clinic,Unknown,47.5621402,-122.3851513
TMS NW,clinic,Vancouver,45.6621312,-122.5614354
Virginia Mason Franciscan Health Medical Pavilion - Bellevue,clinic,Bellevue,47.6123101,-122.1849523
Sea Mar Behavioral Health Clinic,clinic,Anacortes,48.5140876,-122.6174964
Family Health Center 14th Avenue,clinic,Unknown,46.1282457,-122.9389215
Mount Vernon Family Health,clinic,Mount Vernon,48.4160904,-122.3363781
WhidbeyHealth Women's Care,clinic,Coupeville,48.2127154,-122.6850844
Kaiser Permanente,clinic,Unknown,48.1533066,-122.1984642
Strother Dermatology Kirkland,clinic,Unknown,47.7160171,-122.1825804
LightHeart Associates,clinic,Seattle,47.7083736,-122.3334034
Mill Creek Clinic,clinic,Unknown,47.8630826,-122.1788779
Ideal Options,clinic,Unknown,46.228767,-119.235576
Peace Health,clinic,Unknown,45.6047362,-122.4981587
Neighborcare Health,clinic,Unknown,47.5475531,-122.3159199
Compass Health,clinic,Unknown,47.8214912,-122.2982396
Lice Charmers,clinic,Renton,47.479352,-122.1907083
Multicare Indigo Urgent Care,clinic,Unknown,47.6098645,-117.3677427
Fyzical Vestibular Rehabilitation,clinic,Unknown,47.6635106,-117.4116489
Providence Family Medicine and Maternity Care-South Hill,clinic,Unknown,47.6279586,-117.3812014
Vancouver Clinic,clinic,Unknown,45.7227265,-122.6592502
Rainier Beach Medical Clinic - Kent Branch,clinic,Unknown,47.3846863,-122.2025773
Easthill Medical Clinic,clinic,Unknown,47.3830122,-122.201747
North Olympic Healthcare Network,clinic,Unknown,48.1127083,-123.4171973
Obria Medical Clinics,clinic,Unknown,48.1071631,-123.4253604
Zoomcare Urgent Care,clinic,Unknown,47.756314,-122.15306
Concentra Urgent Care,clinic,Redmond,47.673173,-122.1176778
NeuroStim TMS Centers,clinic,Everett,47.880463,-122.2302256
UW Family Medicine Clinic at Harborview,clinic,Seattle,47.6055653,-122.3209484
Kinwell,clinic,Unknown,47.4087253,-120.287124
Healthy Living Liberty Lake,clinic,Liberty Lake,47.6706041,-117.1068284
One Medical,clinic,Seattle,47.6492268,-122.349213
POMA Fertility,clinic,Unknown,47.7144316,-122.1796775
Seattle Integrative Medicine,doctors,Seattle,47.7083736,-122.3331432
Imagine at Northpoint,clinic,Seattle,47.7084579,-122.3334528
Northpoint Recovery,clinic,Seattle,47.708458,-122.3332917
Columbia Physical Therapy,clinic,Unknown,46.2690996,-119.2855875
Optum - Northgate Plaza Urgent Care,clinic,Seattle,47.6992648,-122.3270233
Vida Integrated Health,clinic,Unknown,47.4991862,-122.1817683
Skin Synthesis,clinic,Unknown,47.6759622,-122.3129278
"Cascade Eye & Skin Centers, P.C.",clinic,Unknown,47.2068545,-122.5072682
Carbon Health,clinic,Unknown,47.3146627,-122.3110719
Planned Parenthood,clinic,Unknown,47.4144802,-120.3135882
The Manette Clinic,clinic,Bremerton,47.571014,-122.6165322
Ocean Beach Medical Clinic,clinic,Ocean Park,46.4916902,-124.0498242
Peninsula Community Health,clinic,Silverdale,47.6516437,-122.6913788
Wound Care and Hyperbaric Medicine,clinic,Bremerton,47.5822376,-122.6276887
Peninsula Community Health Services,clinic,Bremerton,47.584109,-122.6282444
St. Michael Imaging Center,clinic,Bremerton,47.5831999,-122.6284653
Northwest Kidney Centers,clinic,Unknown,47.7075642,-122.331567
Puget Sound Kidney Centers,clinic,Bremerton,47.584074,-122.6274987
PCHS Barker Creek School-Based Health Center,clinic,Bremerton,47.622184,-122.6314948
Ezzia Healthcare,clinic,Everett,47.9090011,-122.2417295
Vida Integrated Health,clinic,Unknown,47.9074146,-122.2343988
Molina Healthcare,clinic,Unknown,47.906958,-122.2343064
AIMS Institute,clinic,Seattle,47.5921329,-122.3098898
Rogers Behavioral Health,clinic,Bellevue,47.5999191,-122.1891922
Hillman City Medical,clinic,Unknown,47.546414,-122.2844617
PNNL - Occupational Health Clinic,clinic,Richland,46.3450712,-119.2795832
Balance Psychiatric Clinc,clinic,Unknown,47.2123776,-123.1024243
Franklin St Harm Reduction Clinic,clinic,Unknown,47.042397,-122.8985833
Nouvelle Anti-aging,clinic,Bellevue,47.6288468,-122.174524
Lily Road Medical Building,clinic,Unknown,47.0555698,-122.8450352
Mary Bridge Children’s,clinic,Unknown,47.052684,-122.8441358
Providence Professional Building,clinic,Unknown,47.0541043,-122.8452231
Psychology Services Building,clinic,Unknown,47.0520331,-122.8484222
Providence Sunshine House,clinic,Unknown,47.0512738,-122.8460481
Lynden Medical Center,clinic,Unknown,48.9413698,-122.4684002
Family Care Network,clinic,Unknown,48.9414943,-122.4682281
Sima & Bloom Dermatology,clinic,Unknown,47.753528,-122.1610718
Caddell’s Laser & Electrolysis Clinic,clinic,Unknown,47.6192726,-122.1809891
Yakima Eye Specialists,clinic,Unknown,46.6215776,-120.5601969
Clear Choice Dermatology - Port Angeles,clinic,Unknown,48.1158664,-123.4235781
Integrated Chiropractic,clinic,Unknown,47.6538386,-122.6865273
The Doctors Clinic,clinic,Unknown,47.653566,-122.6830481
Yakima Valley Farm Workers Clinic,clinic,Unknown,46.3747974,-120.3190292
KVG Clinic,clinic,Unknown,46.9850725,-120.5458378
Kittitas Valley Endodontics,clinic,Ellensburg,46.9848902,-120.5451014
Physical Therapy Building KVH,clinic,Unknown,46.9850408,-120.5441086
Occupational and Speech Therapy KVH,clinic,Unknown,46.9850159,-120.5434099
Optum,clinic,Unknown,47.9947822,-122.2230183
FRESENIUS DIAYLSIS LONGVIEW,clinic,LONGVIEW,46.1331482,-122.9383959
Mountainview Health,clinic,Tukwila,47.4860021,-122.2731803
Legacy Medical Group,clinic,Unknown,45.8113588,-122.7026239
Physician Coach,clinic,Tacoma,47.2513869,-122.4517478
Clear Choice Dermatology - Federal Way,clinic,Unknown,47.3000231,-122.3219303
Roger Saux Health Center,clinic,Unknown,47.3393016,-124.281045
Harbor Regional Health East Campus,clinic,Unknown,46.9813004,-123.8204896
Kadlec Occupational Medicine,clinic,Kennewick,46.2144053,-119.2227196
Kadlec ExpressCare,clinic,Richland,46.2948643,-119.2751943
Trios Care Center,clinic,Kennewick,46.2114515,-119.2187091
LabCorp,clinic,Unknown,47.6220347,-122.184891
Sea Mar Community Health Center,clinic,Unknown,47.9069442,-122.2065505
Health Point SeaTac,clinic,Unknown,47.4346429,-122.2823114
Advanced Occupational Health Services,clinic,Unknown,47.4425415,-122.2222067
Water’s Edge Memorial’s Pain Relief Institute,clinic,Unknown,46.6222841,-120.5328915
Bellingham Foot & Ankle Clinic,clinic,Unknown,48.7773297,-122.4784319
Play Matters OT,clinic,Unknown,47.0332406,-122.9354855
Frontier Dermatology,clinic,Unknown,47.0471782,-122.839584
