name,address,city,state,type,phone
Lifelong,210 S Lucile St,Seattle,WA,community_org,206-957-1600
Harborview Madison Clinic,908 Jefferson St,Seattle,WA,hiv_care,206-520-5000
Neighborcare Health,303 17th Ave E,Seattle,WA,Primary Care,206-548-5710
Country Doctor,500 19th Ave E,Seattle,WA,Primary Care,206-299-1900
Harborview Sexual Health Clinic,908 Jefferson St,Seattle,WA,Testing,206-744-2594
Public Health STI Clinic,401 5th Ave,Seattle,WA,Testing,206-744-3590
Gay City Wellness Center,400 E Pine St,Seattle,WA,Testing,206-860-6969
Madison Clinic,325 9th Ave,Seattle,WA,Testing,206-744-5100

